email,name,password,age,gender,ocupation,pets,religion,kitchen,phone,about
vlad1234abc@gmail.com , Vlad Tcherniavsky ,11111111,26,male ,student ,pro,no,vegan,546743822,This is the best test ever
,,,,,,,,,,
,,,,,,,,,,
,,,,,,,,,,
,,,,,,,,,,
,,,,,,,,,,
,,,,,,,,,,
,,,,,,,,,,
,,,,,,,,,,
,,,,,,,,,,
					,,,,,,,,,,
					,,,,,,,,,,
					,,,,,,,,,,
					,,,,,,,,,,
					,,,,,,,,,,
					,,,,,,,,,,
					,,,,,,,,,,
					,,,,,,,,,,
					,,,,,,,,,,
					,,,,,,,,,,
					,,,,,,,,,,
					,,,,,,,,,,
					,,,,,,,,,,
					,,,,,,,,,,
